{"train loss": 0.33369675278663635, "_timestamp": 1683318256.257097, "_runtime": 325.3766059875488, "_step": 19, "val loss": 0.33369675278663635, "_wandb": {"runtime": 339}}