{"train loss": 0.9980502724647522, "_timestamp": 1683317776.6984909, "_runtime": 354.4027979373932, "_step": 19, "val loss": 1.003092885017395, "_wandb": {"runtime": 354}}